{"cameraMode":{"drawMode":0,"name":"Shaded","section":"Shading Mode"},"sceneLighting":true,"audioPlay":false,"sceneViewState":{"m_AlwaysRefresh":false,"showFog":true,"showSkybox":true,"showFlares":true,"showImageEffects":true,"showParticleSystems":true,"showVisualEffectGraphs":true,"m_FxEnabled":true},"in2DMode":false,"pivot":{"x":1.4761453866958619,"y":2.052499771118164,"z":1.0200114250183106},"rotation":{"x":-0.09061738103628159,"y":0.7922253012657166,"z":-0.12110023200511933,"w":-0.5914380550384522},"size":8.110987663269043,"orthographic":true}