{"cameraMode":{"drawMode":0,"name":"Shaded","section":"Shading Mode"},"sceneLighting":true,"audioPlay":false,"sceneViewState":{"m_AlwaysRefresh":false,"showFog":true,"showSkybox":true,"showFlares":true,"showImageEffects":true,"showParticleSystems":true,"showVisualEffectGraphs":true,"m_FxEnabled":true},"in2DMode":false,"pivot":{"x":14.251726150512696,"y":13.081379890441895,"z":-0.06150984764099121},"rotation":{"x":-0.14611439406871797,"y":0.608687698841095,"z":-0.11486359685659409,"w":-0.7715628743171692},"size":23.343524932861329,"orthographic":true}