{"cameraMode":{"drawMode":0,"name":"Shaded","section":"Shading Mode"},"sceneLighting":true,"audioPlay":false,"sceneViewState":{"m_AlwaysRefresh":false,"showFog":true,"showSkybox":true,"showFlares":true,"showImageEffects":true,"showParticleSystems":true,"showVisualEffectGraphs":true,"m_FxEnabled":true},"in2DMode":false,"pivot":{"x":4.437711238861084,"y":-0.39675596356391909,"z":-16.706769943237306},"rotation":{"x":-0.40167808532714846,"y":0.02380327135324478,"z":-0.010160981677472592,"w":-0.9156093001365662},"size":19.012760162353517,"orthographic":true}