{"cameraMode":{"drawMode":0,"name":"Shaded","section":"Shading Mode"},"sceneLighting":true,"audioPlay":false,"sceneViewState":{"m_AlwaysRefresh":false,"showFog":true,"showSkybox":true,"showFlares":true,"showImageEffects":true,"showParticleSystems":true,"showVisualEffectGraphs":true,"m_FxEnabled":true},"in2DMode":false,"pivot":{"x":2.130000114440918,"y":4.690000057220459,"z":1.090000033378601},"rotation":{"x":0.016856752336025239,"y":0.9655439257621765,"z":-0.25202232599258425,"w":0.06508197635412216},"size":0.6724554896354675,"orthographic":true}